FBCSP_Fractal,FBCSP_LogPower
0.0332005418066353,5.490727254703008e-07
0.0347840333207765,5.728603124414165e-09
0.3251663397203082,1.0
0.1979805294734938,0.8977246235094339
0.5302514972301272,0.9999999807850956
0.8041699193223641,0.9998498839825668
0.4907790194312694,0.999969866070069
0.8899332595195991,0.3013582114988515
0.8822329330626107,0.999840253781615
0.8778329883640552,0.9996505574846216
0.8449952107487271,0.9991167203455432
0.9867239951674128,0.9999999168174944
0.9997223273916211,1.0
0.9835557128731496,0.9999995970134417
0.8461593145633206,0.9999999999460804
0.9551282425102098,0.2569848087738102
0.7577918552797436,0.9823764662689616
0.950491180588456,0.9996783648556218
0.3957089046956318,0.9999319009103332
0.4378178342899658,0.9999707707106782
0.7179453867200463,0.0346820605149212
0.8728357612230361,0.2321613792417892
0.9716149363543594,0.0141300102494442
0.9203025663953526,0.8676973246541169
0.3725204014527047,0.5071580235992124
0.7172377178102307,0.9937156032234632
0.3927547634657654,0.9976154822369252
0.2744089720249665,0.8895168276607264
0.3424423219887335,6.5950586278207945e-46
0.8589336187227756,0.0064669217176309
0.975134309769086,0.9999999996039226
0.910991912791272,0.9998430999096352
0.7656925591818274,0.9972842692829178
0.7528463107734331,0.9999999666156538
0.8926349040008958,0.9999516073184704
0.9266494090933106,0.7918257043308807
0.3915097883618218,0.8679832229696889
0.9897620391537482,1.0
0.9367905564369128,0.9999999997786642
0.9832346544962118,0.9999951656821374
0.8283819086319746,0.9993255158199558
0.5880414714133366,0.9993800454307896
0.4475182045409563,0.6226215586232002
0.9334571892899792,0.9993350985926248
0.8641429937263458,0.9990728013384308
0.9065609699780104,0.6578851118730288
0.6314953200229735,0.0020346078470751
0.9375021890501596,0.9994969825538514
0.8683287268298461,0.0697835682830594
0.7389038556228323,0.998943442167386
0.3683695997060295,0.9972119519110502
0.6065282121903082,0.5494043959949844
0.3207500206646038,0.6515166214108392
0.9971240531898162,1.0
0.9955843593529328,0.9999999999998112
0.9895296454748644,0.99999999999328
0.6484560924946767,0.9999999972276156
0.6220852984064145,0.472047656303515
0.0004330786710222,2.2719723332550345e-07
0.9874527837299696,1.0
0.9968634240884024,0.9999999999999998
0.6404476039998757,0.9999999999743372
0.9832702925803928,0.999053454647606
0.9513360865311028,0.9998662369457552
0.9354320215275354,0.9999162600611418
0.897949856583268,0.9999993574259072
0.9934324970826236,0.9997872425965294
0.5811708838631037,0.9997334007228186
0.8377957633565153,0.1076400987324013
0.9422259154863664,0.0098892456794777
0.5126603115616066,0.2918687006604122
0.3566768359578082,0.9997796015317856
0.8288855964872411,0.984758562856026
0.1974291508955475,0.999999998511282
0.4011352968605592,0.9796502627490276
0.8075013873533873,0.0610989883229922
0.5286627103035566,0.0046556799800935
0.2382340593526863,0.96648332526691
0.8227627086137093,0.896495870868528
0.9952091543633862,0.9999999999996316
0.9949113303154528,1.0
0.993364339816148,0.9999939869930728
0.9945267005843528,0.7312995335829335
0.5995785374926925,0.9999967589317916
0.1677432657436041,0.0131952497552072
0.9871728944088118,0.9999903337432532
0.9963923004490748,0.9999933070508524
0.9252143450989252,0.040662700018851
0.8063139773713304,0.999854214055299
0.8597076961738186,5.407355890426377e-06
0.6221154880519392,0.9999993052411352
0.7224245808630636,0.0012880875649356
0.1875941680973484,0.0139382421071321
0.9080298528592584,0.9025381070666454
0.9240444113991636,0.9999964815866904
0.7590316180088476,0.9999999232794836
0.6367453354444408,0.6068242077537961
0.7503573727477542,0.1053482019877119
0.792789313704265,0.9986868439824134
0.4687102170686681,0.9639879309043472
0.3790763527937552,0.2167680967190074
0.1868714118927439,0.9909573471478218
0.2880853472530976,0.9768092094874642
0.4258027355155225,0.9710038202841555
0.7716684382688638,0.3543166097793644
0.3589764145816326,0.9054856956955124
0.8328896803285929,0.9580508071940068
0.9971567928150766,0.9735639856111824
0.8958139146445683,0.9999998878499852
0.5340401533864901,0.9973458595986392
0.8385863162753019,0.36320974807612
0.903592286936312,1.0
0.9858626629339672,1.0
0.7965716140163478,0.9999999993354398
0.9930243001449622,0.9999999126463932
0.939821398329799,0.130975092308513
0.7526763814103722,0.9969314241354182
0.8612883610304244,0.0217744859668186
0.49169593447168,0.9949649079530694
0.9080857978907252,0.2831273174123245
0.151838705280734,0.2377965821201538
0.5713401002878159,0.0938668407096356
0.9991181119378826,0.9999999998532932
0.9472146441447672,2.0845792551479853e-05
0.992511489776008,0.9999994179238724
0.999999563639245,0.9954348637204908
0.9998595078238804,0.9999993781630526
0.8795641742944763,0.9964526001963409
0.9960331469319288,0.2327585715967444
0.9999669572803463,0.9999999771814532
0.9986076795285596,0.9999901058453922
0.9905319549408352,0.999958641484861
0.9971360264254704,0.8392526489173731
0.9986027626656616,0.9999999999676
0.4598896996379212,0.9907607463465395
0.8746165423533125,0.6986468895021642
0.9218213543592924,0.9952834394414862
0.8334785555087513,0.994412610083215
0.9696937335844364,0.9244360502425046
0.9947973068591108,0.7348482141826216
0.008585143249178,0.9995001187224656
0.9999999601390478,1.0
0.9997834312670454,0.56020655888456
0.992976922781156,0.9985553500925916
0.9954714633932308,0.9973878677103344
0.939204963870422,1.0
0.9271695048117132,0.2903149272359986
0.9436003267876436,0.9941366721592458
0.6912177465472814,0.9999996099039468
0.9737196731132012,0.99953633234919
0.5971862574336199,0.0006696543270182
0.2776913723679182,1.8349448351381224e-07
0.5122725897927894,0.9998387255817152
0.9075608425103038,0.9558645627350802
0.9355165887096588,0.9999999931593516
0.83341860433491,0.9915126980582958
0.98188850454608,0.6631049943199823
0.9679696956759384,0.9134045411727618
0.9896537484075624,0.9948248413202326
0.7683402838525738,0.9999943980907768
0.8960256485852218,0.6255003017380153
0.988118178955668,0.9985417367660304
0.0278418878659489,1.0
0.9983510875286092,0.2029097598381219
0.9895098717772524,0.997263620898412
0.9824889717020584,0.7594435638761655
0.9967950112639156,0.7795185941395715
0.3721229610873457,0.9999326966399784
0.7047466542405525,0.9999970970558276
0.9724424247755572,0.9958393950361945
0.9400943992454158,0.3683699713093734
0.9872494817464746,0.1545824880289342
0.6443631145811928,0.7964229456351868
0.9989911297005232,0.9763922708974188
0.9675848223918372,0.0148484008674462
0.9272978662191744,0.2001933529179649
0.9985142415737656,0.1003703959589621
0.2196195413347511,0.9999600255908618
0.8433491516637417,0.8890484199512385
0.930464319835928,0.9999999996511288
0.9767920399187516,0.9994722037219402
0.9765078952256204,0.993487922300626
0.7415670591742609,0.999999233132638
0.99089659039479,0.9999419099740108
0.9526480200817624,0.999999999936476
0.9575710787800752,0.9949517185959842
0.8949003581081685,0.1390693164163155
0.9567950898255156,0.4802590007692892
0.943344068071438,0.9705082543403168
0.9771811287951624,0.9878316503497272
0.9992585688893406,0.9607719903782684
0.4950403050806381,0.9764833720710288
0.9576839665805572,2.157069086982691e-06
0.99952001979318,0.3186786061520656
0.9999683074325516,0.9999999974164606
0.3290149001181215,0.9999788109411
0.9999922551002226,0.9938497233019112
0.0348825258334689,1.652000136821557e-06
0.9876387994203278,0.033120377054722
0.99982451100435,0.0419665824056404
0.9377668184052256,0.9997715106161252
0.9623815106652984,0.9999994518745464
0.998342233664323,0.2317744025103135
0.9648558998380689,0.9999824986821862
0.0083397743382043,0.9921104495648604
0.8593752515360896,0.9999650369574148
0.9725639989105576,0.9999994693742728
0.9799577177883716,0.9211543484309688
0.7833019863259937,0.6262397342843318
0.9897489379827152,0.6928319918203043
0.7019762658502112,0.912705265107194
0.6055414846089962,0.0459832144872913
0.999998874399229,0.999999999968233
0.9990760870489024,0.99989488071469
0.6364893479965249,0.9998465232956126
0.999924016908119,0.5558053120593207
0.9841808919029932,0.11769243707122
0.8965037843132837,1.0
0.9950098155928284,0.9999825140504196
0.9918061588154876,0.9866269453444704
0.976981556028982,0.9999900956220312
0.9949116693460528,0.9999876444907442
0.9954597228088288,8.229606695324617e-15
0.999331424433428,0.997480934659195
0.9990241156209962,0.9827223873337116
0.8447937357519135,0.7672145731724271
0.961259382358528,0.1234629976200078
0.6867581044960754,0.0485069366969897
0.9989942085978448,0.3458895051525611
0.984558831370156,0.9999313993423856
0.0473211464011384,0.9560564171410738
0.967468994172325,0.186620644288172
0.997767848884554,0.3509979221802023
0.9926547597412207,0.9999999934067232
0.4712373767263969,0.9991176240176044
0.9656694604434632,0.9530961631351414
0.9834879214316404,0.9869714548444746
0.9932205742686632,0.4100346106331062
0.9959793740467624,0.0905765865118801
0.850523330555614,0.9999999999999702
0.992969846860093,0.0
0.9454397489704982,1.0
0.8919692296221096,0.9999999999999998
0.3582122147173302,0.0363619782938412
0.2885411092850594,0.8586238756664106
0.2009111246199453,0.0039363464515753
0.7931564604526244,0.9999999999999232
0.6487871208007021,0.9999528052181108
0.0583851182088256,0.8803801408980274
0.1936362241964336,0.992930212622438
0.8740972692692276,0.0
0.6180137672017226,0.4118935151728203
0.7826788466714202,0.9987726210199668
0.7813122700169406,0.9974141125363472
0.9330912794567068,0.0282264341426456
0.9896949279057352,2.819798609069683e-09
0.9975302805996322,0.8544642898232677
0.9856673492200202,0.0412794348928407
0.2168658491249465,0.0294751364718429
0.3199395369390804,0.0125939816971573
0.8842523946216936,0.7548639658535651
0.9189092159007076,0.97374786501915
0.8725228503401263,0.9965232420372953
0.8320766686820105,0.7947200461224428
0.6615328110764722,1.0
0.8680861935465698,0.9999999988481204
0.239821078588142,9.866399845519284e-26
0.3281174931190151,0.6420602250054516
0.9902776755513852,0.7795838533165074
0.2188891908983569,0.0288175708863914
0.996765737193841,0.5595324892031918
0.5525826580675908,0.5628668552833209
0.8468460583853636,0.3714757286247058
0.8776679169921675,0.2817554115342495
0.8747845893829626,0.7659563881633771
0.4805404658845768,0.8794328289163315
0.5452608018055795,0.9792890444726992
0.9978458507243746,1.0
0.2720442461650189,3.804886917767415e-14
0.2904726283848009,0.0125503374128482
0.932231604778362,0.2911792773631095
0.9089228158178604,0.1803245722107366
0.8785405280749227,0.0953083007202388
0.7412788472425681,0.9973559092929282
0.9722735232346258,0.887245615073401
0.9735076007891512,0.7606440909285901
0.6733879297506961,0.0005565960319928
0.8699253818753157,0.567855967049376
0.703020315942268,0.9324553507234352
0.0080780792203922,0.0
0.5530293385123636,0.99999983065039
0.9597035725404184,0.9997666982241764
0.7676967833625986,0.0766226492893404
0.9112604273668472,0.9595739857578124
0.9911126816677022,0.8952869835421812
0.9933708601734274,0.9938044961906396
0.3390937899028239,0.9482091977018042
0.6463793757672311,0.1066989398988394
0.5405685695076592,0.0583663784089026
0.9308146863855148,0.8697181981086182
0.9722383254737856,0.9881346394544008
0.437257283823817,0.9999999999805868
0.9088825317375956,0.4655801151023886
0.597356262634776,0.5179084260860635
0.6502233481793129,0.0846239810502389
0.0142125978972327,7.354653340945942e-08
0.3324540319640392,0.6066471864091515
0.6345682708148275,0.8857240055023554
0.988187743658936,0.3367064513449892
0.6567586509742641,0.9228272945774084
0.96862244023906,0.2653320357176735
0.9886735525247236,0.5269162900334279
0.7868789136027846,1.0
0.9984462989931538,1.0
0.999373522978018,0.999995299696368
0.984522540694217,1.0
0.8466986979204878,0.9989219029339892
0.970083786947552,1.0
0.0476042186106758,0.5849734371067165
0.7411188364214377,0.3342969764819219
0.9974012107701724,0.9996132811532532
0.9975802517470946,0.999898141117243
0.9824963660019272,0.9249885060492288
0.2034338762855195,0.5580171400733775
0.4210891083765949,0.0868938357086221
0.8965521354552344,0.8573821425982927
0.4264505304983733,0.867975320664337
0.7533791001371002,0.99999999996654
0.9592811034423194,0.9998951368713244
0.6180080932918534,0.5655229686789119
0.6823996300886999,0.284215093598032
0.5804050499509326,0.1668996840781273
0.9889330684472508,0.5512277701006602
0.80036290734619,0.6595560694357268
0.9409930666328632,0.2198700851310403
0.8670648100246077,0.7362617261908221
0.9972756415534793,1.0
0.5271330521457989,2.2837130560364347e-05
0.7476372473237363,0.9964596031913212
0.6764061333012596,1.0
0.9870948826933011,0.8852516772877049
0.2817761358043757,0.0
0.9960638768585472,0.9998879343105568
0.9937365048985772,3.9666109609674576e-138
0.9150940108361504,5.334734895557482e-18
0.9828547376466744,1.0
0.2480503662828146,0.0068268634084053
0.9170318750614598,0.9980453796862748
0.548424284860861,0.9897292558857204
0.5474010413801597,0.9992419746530926
0.6484060869801591,0.0307589339543684
0.5062601530482271,0.0037426038920966
0.7488214336041303,0.6002358725210382
0.8299782619757927,0.9370362364342694
0.812360361551083,0.0318103308985553
0.2347240836214556,0.5399719166959587
0.8249386905367919,0.9949357791362308
0.8783188805167714,0.0186994841366541
0.9267544353331468,0.2099130748729083
0.7371178999622688,0.0291529166201782
0.9998449875246204,0.9999630506475476
0.9996680060674424,0.9999999999957678
0.9585340765099593,0.9999991487747436
0.9951516369001294,0.9999641922952288
0.999664625045286,1.0
0.9932727901436558,6.2776421694016885e-09
0.9694075838987682,0.9999999037904652
0.9962289555273572,0.9728968498814016
0.7433578513334504,0.9998620480803166
0.2564273302071007,0.1656424307552818
0.0611742812633653,0.9977440376203184
0.9577750272716568,0.013574402638334
0.9988487160434312,0.9999625654343056
0.9996252596788054,0.9691406647447476
0.7871765220232413,0.167515814811259
0.9401287643572496,0.3492679616745515
0.6054369566817593,0.0362554924039063
0.7452165825487563,0.999145645643968
0.9888511680978644,0.4013788136446476
0.5583093170259859,0.8763977459709834
0.0486401058614198,6.61757138597243e-07
0.9342625320931748,0.1011652134348097
0.0624210627232231,0.6205007114544011
0.1996540913807306,0.945437139236454
0.9914633230716948,0.9999997916674578
0.5330196432606629,0.9999999999487408
0.9883820231587876,0.999999999993856
0.0142052093958496,0.0304435353191118
0.9992160206433192,0.9999301559127382
0.9963178271679232,0.9980703493579154
0.5440078897971081,0.9872703049447512
0.3347391823378255,0.0787672078197187
0.9999249495706624,0.00342918674659
0.9795252643962348,0.9999933124356232
0.83003119942557,0.8729310928049909
0.989606088964966,0.0001691821099805
0.9991334711536792,0.9996275908581124
0.8169297985255074,0.9726598837896788
0.9893205953645956,0.9980365887407318
0.8969836747991918,0.6859568262352445
0.9209434900082664,0.8552374814269538
0.8232345061887227,0.9914996063703274
0.9669829874993516,9.796273142820688e-05
0.9789363862138644,0.0644189593342373
0.980365040217232,0.7281984250725458
0.4947203886405303,1.293691390138641e-07
0.808297951878697,0.991422836583187
0.465137097819523,0.969480031602154
0.996741308735262,0.999999999994549
0.9716903883926838,0.9859379950447308
0.4915053903684295,0.9993578890110262
0.9588727397872748,0.999994778779369
0.9705874065381858,0.9988531777169152
0.8577958785373413,0.99985284288205
0.8791593092008554,0.9656581782734536
0.6446038578095667,1.4197210716218706e-08
0.8621071497709123,0.0106852191588524
0.5505258632021488,0.9970653896855384
0.9999859264318616,0.9994980675235324
0.9931685275877108,0.9999806301753282
0.9912973512398694,0.9999363493306568
0.9918838198426732,0.884124198683392
0.997294448989375,0.9813119091792132
0.972638428585569,0.1569925293661075
0.9991908078113008,0.9893445808951944
0.964898672041683,0.8366717514218215
0.328681656293043,0.6488739837909223
0.9364206672263452,0.9212373275952273
0.9978745895941626,0.473589678209688
0.5533769941644531,0.690472832566692
0.8469094706913489,0.2969975658493515
0.2691174799348741,0.3451891164832882
0.9973307577513488,0.9999999957923416
0.9998700035640314,0.9999999999297852
0.620740770824432,0.9999999999984994
0.971806872221932,1.0
0.9120281071359788,0.0089081417737797
0.8424382176746041,0.9999661509351816
0.7741690417322804,0.9999959567301095
0.9826616165746516,0.9307858146640922
0.9898537036044776,0.9658878074792824
0.9978239468170484,0.6092176629967421
0.7918730190067514,0.0640459754899082
0.9966293893939624,0.9995569291620228
0.6449884279596914,0.6966330497557816
0.8921873849536177,0.57421470603123
0.985358743851374,0.9991706932392764
0.9607837837753468,0.9999928820849666
0.9536149535628538,0.9492844566879334
0.999315700948976,0.833448460505942
0.6998772828803415,0.9996069989625344
0.4158608551378297,0.064176126263654
0.7505611784152303,0.8458799614204279
0.8471660107916547,0.9999731774500572
0.9968978723650836,0.9893735528795058
0.9951124030326596,0.5462530947312573
0.9993128686969658,1.0
0.6987569343470901,0.9999999999958448
0.9492967383111898,0.9999999999997842
0.9325756050858832,0.9999999453704236
0.5572112347451588,0.999524137484581
0.5779763157541907,0.9999999994295814
0.7971723193483499,0.999992238350784
0.992518330129266,0.9935613011926864
0.898421947671281,0.9903245267129362
0.9989622142799476,0.8791426560816362
0.9975802268838134,0.9743059573728728
0.1853782705276712,0.999996576386706
0.9132316774505924,0.9989501593238356
0.9863738865698668,0.9901909689055444
0.3380280209727347,0.7475398492639862
0.7267315889468988,0.0200049344139062
0.9934274223131436,0.3988121144843436
0.9952248048244634,0.9954717622015458
0.998842970235413,0.9999873324812842
0.986540917526041,0.4061997599561376
0.8143077496369755,0.9936493982699354
0.7536414752810383,0.836745329955619
0.2851480626725727,0.0163406721724416
0.7134021933627298,0.951916808869598
0.0274390965956411,0.6980684888423924
0.0104635795218581,0.4069462524750183
0.7509623632459949,0.9986133705136256
0.9649201381671244,0.9352688309164496
0.9471573032613088,0.999996672234366
0.9065063896001828,0.9922304710757464
0.931273863502458,0.9864128172207298
0.6666881468555772,0.9949923591295092
0.803261422681997,0.0069586050739738
0.5829228121666641,0.543426957489358
0.7913437677426657,0.9660814864141614
0.9056358220151436,0.9860243492228276
0.9795848849826122,0.9997105435221184
0.2142106433774722,0.9652446080618228
0.9455064557578012,0.0207852032558741
0.4043203891216063,0.999010912156459
0.7583618702197459,0.9996146166969928
0.6469990983263523,0.9999222296598584
0.9201549094588686,0.9937249209368928
0.8588716716885088,0.9998305304749296
0.9852631976421709,0.99995924481717
0.952307273237944,0.9998331279508764
0.9189983307932836,1.0
0.8989096006390276,0.8932878827851167
0.1926227324189059,0.2251808078424126
0.3502008978557476,0.9955678991086064
0.940231739470627,0.8468043872991069
0.9480056517132064,0.1333357116260224
0.8721827809193538,0.9660416345221572
0.6440489726297375,0.1038634375790459
0.8048273083248376,0.97845265904777
0.3610946952484459,0.9948622819792792
0.800845298565598,0.9731614385535547
0.4299146089522225,0.9322495432491362
0.9209377094031758,0.8730566445699732
0.786627949874018,0.9999892948998892
0.2337040717562988,0.2817104596368849
0.7670210416067493,0.9999957430032584
0.6416973118107379,3.8660970574208576e-14
0.6070485875949222,0.0618907627279798
0.9752671736869756,0.9987022913838984
0.9704084315787233,0.9990796152557788
0.9934147069253214,0.9999998823505086
0.9546143395026933,0.9999928999276974
0.8554047467789541,0.996589515253434
0.9842370858003524,0.9999999965452676
0.1185582378097098,0.95769837930243
0.0751045238596552,0.1043691424403679
0.200746217535602,0.9992027111539186
0.6300145480779192,0.815119937173406
0.2423179512711707,3.469936341003963e-06
0.7862374663288745,0.3718930589786109
0.2614787839941256,0.8183639831586923
0.2070587392554579,0.6649732155474063
0.8785865929650928,0.2404789418624271
0.2741037299881417,0.9947671883246862
0.638293676451771,0.3111159191006318
0.5737048455295564,0.689046174982721
0.9104682141333138,0.9842711735367796
0.970362262999161,0.4169700788148956
0.964121818402298,0.9999999895743604
0.9982599966837268,1.0
0.9124271781379588,0.999999767237324
0.62507418350392,0.9936451081758602
0.7505812344189196,0.9999986803096712
0.2773690403883939,0.110550326849821
0.4824236374554221,0.0059813631202491
0.3476844969301006,0.0002174813126268
0.960563825382672,0.0153976905526461
0.9811118181463796,0.9999705489374476
0.2831432521306403,0.0393992640667952
0.3816706751918876,0.9999999999999944
0.1522194751956759,1.5396185280583605e-07
0.1553431144912241,0.6656742253416326
0.8570580936258752,0.9999816810121084
0.8565999029150217,0.898055741282218
0.9057774078432336,0.7496973413587826
0.1449480668376279,0.0017623820302304
0.2138423650949551,0.104553847458886
0.8291553626176212,0.9999411254515178
0.5044121067779004,0.985237125207424
0.743926479957847,0.9999924708960044
0.7520231391574682,0.1949220321649084
0.8619461306698608,0.9999244650466004
0.844006818828595,0.1377225878475558
0.2511445182989474,0.479691438865733
0.7328240523367404,0.9999999998890156
0.4701382993689125,0.8773483517846566
0.4927690737135054,0.911840040862702
0.980823608579072,0.9999450903635676
0.985917998496991,0.9999994802319228
0.9958670145193772,0.9999996873876136
0.9459406589024388,0.987332293107108
0.1343526634254386,0.1160303805079761
0.8334754762888785,1.0
0.9905819213597096,1.0
0.2574021061680615,0.9555324322094731
0.0386631682975565,0.9965825560320916
0.30120973459791,0.0066277758902333
0.9031357978248244,0.9999999192093167
0.9821856437913182,0.9999469534049724
0.958545426377694,0.9991870730595817
0.9652545282933008,0.9999999723234568
0.9540347354748362,0.9888962573392532
0.9697304734811278,0.9992591241797129
0.6316331202297152,0.0665552438686192
0.4108595631508851,0.4503969943871871
0.9283611837223588,0.5929605985836162
0.7865245089452555,0.9999992511198432
0.8186023924461107,0.0079348378556228
0.9771492822493242,0.1540221039920563
0.525744428524791,0.0174515664233826
0.9589875190494022,0.9994191302013364
0.4419593371353901,0.080360299193729
0.2515915732193886,4.3906382473140866e-09
0.7838850841092063,0.998616840075023
0.9007056873361708,0.9979592966838694
0.5172840998468656,0.7090688080881548
0.6769524959371065,8.482934968636688e-08
0.5571441056775969,0.0007232581039649
0.0601692571451228,0.9987397770966912
0.1890726859421653,0.9997443841945456
0.916565405179646,0.9914325028401704
0.9831658793972194,0.99999365428978
0.944236238514304,0.9999965359315064
0.9364110759731376,0.999991658838853
0.9671908848446624,0.998406973664822
0.2476315516376497,0.0240419374945893
0.6766611981948685,6.729881634605309e-05
0.9166571779635464,7.465309238949261e-05
0.7571460341448527,0.9999978562144256
0.9886231971890284,0.9965750999145464
0.9743676520976337,0.9999989913353524
0.2364882977813762,0.0118206702227877
0.9386774323363816,0.9999193862605392
0.9443223628787978,0.8270517970818956
0.8622406563323344,0.951864998754017
0.9501340436785728,0.8915219038264365
0.9612743931711594,0.7844698302954136
0.1847918180470315,0.9012151510954696
0.9928878581306316,0.9999999999999998
0.8615612251138203,0.9999433263801518
0.974803699737775,0.911132100246232
0.7820501669166834,0.9999971418242072
0.9804593810051871,0.9999999828449314
0.9945551582049906,0.7083843275628985
0.997739712909873,0.5060155608505406
0.9999992582351068,0.0
0.7204254968660568,0.9753110323612342
0.6922253641888686,0.9866970339920612
0.9977903573224212,0.9999999822552263
0.99849886772991,0.9999985176758144
0.9987887649177956,0.0723014432047029
0.0134228711546496,0.9956340562948036
0.0168022070272366,0.9992997732255158
0.0276348280005829,0.989885637298887
0.1185160864969095,0.9936260592275769
0.6589961747254837,0.9999984427690743
0.8995067805496774,0.9999994831319156
0.962439835413998,0.9999998066328732
0.6107197105218455,0.9999943426689004
0.9425142856941412,0.9999999981448542
0.3550002648879026,0.0003460004914002
0.9952045089658164,0.999999992797526
0.9547687255881526,1.5597888493314078e-06
0.957944787626082,5.098733741308803e-07
0.9870299942170916,0.4016083465248383
0.4843296940315266,0.962740383780646
0.9898081425611572,0.9990269624665962
0.9951042666435458,0.9973230337486833
0.8996588082813584,0.802881861666349
0.5393434395090497,0.8975590708700933
0.9169332640994028,0.0348458408262868
0.9994039232778956,7.841421318585832e-13
0.8144460649885332,0.1133184111793748
0.9761927565305908,0.8080541772319746
0.8042334074630951,0.9999999999999614
0.8343148530916242,0.9998938117199554
0.8943916234775061,0.3536006709265377
0.9514504696472488,0.9999860449081746
0.6973108029323355,0.9817227869759776
0.7519920921483129,0.469620070233043
0.6160615610556648,0.983944993992263
0.1111949028308294,1.0
0.9162148776840008,0.9607415290221132
0.9671694078953712,1.0518523700877188e-06
0.9334619240949924,0.9973036802269392
0.6523900682441317,0.8760456532683785
0.7682892153329073,0.9954052229924586
0.9719838116986984,0.9979357235674564
0.999954253521204,1.0
0.2924989722591837,0.9999999982472796
0.1772431178746024,0.999993163382106
0.0251766750580393,0.5163084818791861
0.9857977511805928,0.5754588801582875
0.7611589660969492,0.9998877383722202
0.6729894785769533,0.9999951801582498
0.9146178081666412,0.69937597035871
0.9959948603580014,0.9907605184175684
0.9563072613495196,0.9987809908014622
0.997138967829484,0.9999990825969716
0.9612337797263396,0.9869061088172444
0.99959351380506,0.955287063520612
0.9681125381689136,0.9999999988162958
0.0850649252553649,0.9992359251454838
0.1868482346008048,0.9997561396692288
0.2188249945141942,0.9894444482435664
0.9376894563344804,0.9204732825365748
0.9420329754928416,0.999650145238834
0.931138330280638,0.997584956188272
0.8934504687780054,2.7736021341931557e-09
0.9240594561356582,0.9999993958234472
0.8924832362346339,0.9999999795760164
0.8908081301754797,0.9999811117414932
0.9410225429764372,0.0007596813629148
0.0314962791603734,0.9999999685713165
0.8781205957460978,0.9985872520783344
0.956395635272986,0.999997822464716
0.9589936078894504,0.9859404191284258
0.9689005934567751,0.8693728327593694
0.949222093952962,0.041022021675289
0.7546853752619692,0.974352265510667
0.9380421993877052,0.9630364690696932
0.843047788189498,0.974110921720279
0.8537570704021502,0.973905797647914
0.8210794715618469,0.9999805492524134
0.7774591631625689,0.999516162343374
0.4730919091924219,0.9978177045847084
0.9189476938379566,0.98768880357537
0.8089599482646029,0.0878239000491377
0.4476155921351649,0.9966780953297112
0.6890980522513246,0.9152616146564488
0.6617914493178425,0.7100031465887339
0.7832923185379665,0.0418837908394285
0.260519991046467,0.9999540318805772
0.6686676287410064,0.9999337988813704
0.9023712819568066,0.9627597431817144
0.8147071526688289,0.1339694185040247
0.6988648077729958,0.3829440419922058
0.4462402110951813,0.999877426255878
0.924154942522022,0.2564506989256994
0.1393247843949838,0.1008717750062484
0.96883960545819,0.9986340885705508
0.989424861724504,0.1541950748232808
0.7315015241933268,0.3249291157813906
0.3699751514230119,0.9565791086126114
0.9944904920487548,0.9999999999999836
0.9401922876264016,0.9961714310567238
0.7777442812222388,0.8959814601908579
0.8935722273896454,0.9969839178154256
0.2086465823551969,0.0001352739424194
0.328164898291709,0.0007849536957687
0.920029760697665,0.0079544465258365
0.8140252504461247,0.999998480157484
0.9839559253878706,0.0650554317565027
0.999446031119656,0.9988560271887472
0.9519651097730066,0.9582995376230116
0.9692892770423988,0.9984714963923568
0.7173078978744363,0.4805023644316392
0.9120878303740956,0.0007548830696374
0.3545108622112244,0.458579528411933
0.4023922853601024,0.3153705151262153
0.6173874204480835,0.998592433236788
0.9913872441462004,0.0097826312888641
0.0222153421300004,0.0202197555220524
0.9999211616697812,0.3151712613983282
0.9981435881457712,0.7121242876147087
0.9945798073860672,0.9999998149222374
0.5988230027242012,0.8389963366271527
0.9992409655446308,0.7648368842296076
0.9514377415857552,0.9213499138871516
0.4401470377397569,0.1024737988373504
0.9980604865600716,0.9999999999966888
0.0163458617279344,0.2169678468704744
0.0037051964229103,0.003252700831856
0.001393148696256,2.1162439372263e-08
0.0513287439149299,0.0033059691585846
0.0343188207801316,0.0364987391393074
0.80387268735622,0.205081898661716
0.97540866767817,0.9999826455542188
0.9831389139135728,0.6322043760796968
0.9771979968121411,0.9990976899716169
0.4885011569015075,0.4196039010182358
0.9877915250438324,0.788741666734997
0.9106016628459318,0.0189573105814118
0.3390355060073575,0.1821058386073263
0.9989237315924002,0.9999999999999708
0.9296550982292764,0.8859381295023165
0.9786848422922168,0.0151911038290201
0.9591045432542864,0.9945084052908696
0.9348756833375352,0.9996430964876218
0.9611622617516192,0.9999999892498576
0.9721022309975266,0.9927213997377902
0.9685876132079893,0.991402011905406
0.8364021951477533,0.968042479109803
0.7819388623176428,0.855623899408462
0.6886285751048696,0.091008728411029
0.3772007352636822,0.81937069889882
0.9448735059252352,0.9999985632875938
0.9120866627220374,0.9994351545918402
0.1800167178775633,0.724076570596007
0.6963639542804725,0.7426698056213484
0.9103980871516876,0.9570232192960793
0.9300778533364406,0.9998855264583558
0.9496187162971524,0.9999999999907704
0.7672952798347483,0.860707450859825
0.9618150577865706,0.9923076615125416
0.9382034955752196,0.992072842823396
0.9002804065835318,0.875813230235342
0.5495752600266897,0.7844719423078805
0.7011794709035959,0.9999884512554074
0.7775970911320643,0.7751943784899422
0.3298122634563858,0.0273567238313529
0.1350464806782398,0.3758769528960178
0.9920183408912852,0.9737191559659452
0.9899862916287124,0.9547635625659552
0.8703110342198058,0.9999999820859264
0.976131882979789,0.9999680773616528
0.9572432789216596,0.9999998613004698
0.9552824630410768,4.4458545228982345e-06
0.8511509565330962,0.0046509798281035
0.9349329083907948,0.9709011523813988
0.9411427117006702,0.050533315120413
0.4626393821454648,0.7733652963348558
0.3730513384632463,0.6523530747861226
0.9177420847228452,0.0031155766022173
0.7186238506708992,1.0
0.9633908854090502,0.2040948051133833
0.949475444969375,0.9842370892489798
0.857134127079872,0.9847885966419552
0.8019951716415907,5.687259733462472e-08
0.6144420080941275,0.0486100341663952
0.2397678697638839,0.4415566088515728
0.8663743727802802,0.9804224536723244
0.8693922622368881,0.0720369380827268
0.9812293975506128,0.0001343785088541
0.4970357694537138,0.99997107764738
0.990175340971925,0.999999960383152
0.9896139204000198,6.257202296291273e-07
0.998621124498687,0.9998810383159844
0.9607193376318344,0.0030494552781104
0.9988881198005032,0.9997960316852594
0.9991413635532788,0.9999999955551316
0.9852127091011318,0.7191911596850215
0.966864699907686,0.6274476323377841
0.0126277172827928,1.4006750780877e-08
0.0857433842568245,0.0156792512437864
0.9312373366734044,0.2496884301390829
0.3715439009525805,0.997327509809906
0.868977028874775,0.7710561008130259
0.176900729730502,0.0010401532188879
0.1615794131849394,0.1345205718143782
0.038356882632937,1.4878707948887854e-14
0.6442118672596278,0.9949802381901992
0.9615292302373516,0.9999999999995616
0.9749561194213384,0.0121979480517934
0.9402892134324732,0.8898452668515305
0.7698339622501426,0.9560385146986404
0.9753868710112262,0.999999999999994
0.9386400390573544,0.9521949849996664
0.742275436941014,0.9998493572708764
0.9166068386246272,0.9690681589160344
0.5036384416883609,0.3097290654407315
0.523848498223121,0.9642207225852596
0.6044591406861017,0.9790168986942008
0.8514136506567844,0.962156170122694
0.9892610139257758,0.999299331978094
0.242408482857897,7.011013595197337e-07
0.4278191765908445,0.9974465704316432
0.6806358415435148,0.0012250691818966
0.1122765435147045,0.9956446667931304
0.3002127383642455,0.4695520715187872
0.6733145074317202,3.739828441437221e-07
0.3434463726419613,0.8920425028328236
0.9999334185426176,1.0
0.8418064291659715,0.9999950348789032
0.9981585501799572,0.9999999999745036
0.9047327495997656,0.9991019612716832
0.2929253506972019,1.6066694196749027e-05
0.8907794730367982,0.9442061126023842
0.9458350658393996,1.0766030494076965e-07
0.9814023153268367,0.2199808962689026
0.9953716150085714,1.0
0.9697790152394776,0.9999999643367122
0.8329777334326098,0.2743081805781428
0.2215227691861117,0.0018794470948176
0.3865366034895556,0.9959378105755023
0.894337908666918,0.974727301682271
0.3185954166088665,0.821321056563765
0.8390878812938523,0.9160397059427292
0.6278552725611507,0.0029822691853139
0.5312716247561668,0.6277235280611526
0.9221080562795116,0.9945736033488192
0.7423281962910704,0.8481757962096498
0.9091065424193066,0.954678851364223
0.5475854007575109,0.1454851845254876
0.9818693835342364,0.9991121121489552
0.9824469077954974,0.999448656055836
0.9598918586691332,0.9999856743163243
0.9644794385636142,0.9953891467828688
0.9942252385294084,0.81291910840299
0.9998311849844566,1.0
0.996659833046528,0.9986333007303794
0.8575741760467832,0.9997368937381268
0.9823815267883432,0.9999999999999694
0.7893883152738747,0.8040054949961429
0.771045743091507,0.9999954695753708
0.9957170315010712,0.9999219659985484
0.2938784255719708,0.0108901003063705
0.7827705252961199,0.9665593688005264
0.3623200466346333,0.3087704011814891
0.9282477292382456,0.9948432111414374
0.7053847429894203,0.1368512207599288
0.6206115372840688,0.471637844872731
0.1529374004988218,0.2766531329092571
0.3754625259884926,0.6198609820891905
0.4754318244233492,0.2544832444431527
0.609556001613385,0.9976724831149903
0.9337144131941852,0.5470340323861753
0.7125446536923028,0.9588530501811589
0.5330616880429802,0.5867253638602554
0.34823422562631,0.9492405981326152
0.2535690292513443,0.9963354021461104
0.8558913612818689,0.997595647239934
0.9548854287550488,0.9999973265100977
0.855565935262031,0.8561241246648903
0.8902221706473978,0.9948495259497282
0.6904429003327062,0.9999017749340672
0.7066273528744698,0.9600611852866304
0.8525466866149893,0.9678655505715013
0.8751615823737497,0.0013891888883185
0.9619190953846676,0.9999999999999998
0.622086515146076,0.9999998669139468
0.7025596147021095,0.7120486140747865
0.4055508793268538,0.1812059661353209
0.7797397891182072,0.6444249726718395
0.5152949862417766,0.0060539824683215
0.5401265315281256,4.995543417747396e-10
0.6722695032954298,0.9946349870250056
0.656334767526477,0.9650252809220063
0.731693072520399,0.8543453531052793
0.802180971129757,0.9456122957029158
0.6977639410741703,0.4389855981555731
0.7239114955025159,0.9700430877208004
0.4909780257901943,0.0248442977445576
0.089251077296257,0.7367307642081526
0.974863749272884,0.9999456181894306
0.9445348821954584,0.9999989662196792
0.9815996627180276,0.9999999999999938
0.9978666365682868,1.0
0.9926006144412562,1.0
0.984095875295169,0.9997079960913076
0.7686004848630551,0.8149239643861477
0.8963644748331961,0.9176337471692956
0.9318707427527206,1.0
0.9848387831087536,1.0
0.7482790222105367,0.802929728283665
0.4086971410022381,0.0318171048076577
0.4413216502068021,0.160502825613143
0.3364194125738642,0.9896016061176716
0.8597894900677872,4.7360230379309486e-09
0.8448558343184741,0.163000677096207
0.7483997675076864,0.995902410258374
0.3062303650501699,7.910048837490527e-05
0.2232450338664333,0.9998943402818814
0.873005255321946,0.9360660178724524
0.5506736833157617,0.99995354711179
0.9013023109841082,0.4712386846682131
0.8437731033102636,0.1748921734962552
0.8873914430474539,0.0891843670172087
0.7630908998070458,0.1263908126599982
0.2011871719915652,0.699314113376523
0.9436141334151106,0.9997475079029426
0.9618479627998412,0.7657383175311456
0.9097138511501904,0.9999999992556604
0.987992375867816,0.9999999999992332
0.926313037920714,0.9889805280752436
0.7609208285744822,0.990057289256414
0.8250853627634783,0.6568404661039304
0.876712864752161,0.016365586372444
0.8674867444539965,0.999403938923031
0.9241078658267516,0.9986197736997326
0.974912438791102,0.1432667696838844
0.7138460873380812,0.9991386778596466
0.6440220076880501,0.5680989356022564
0.840201128639953,1.3126469790157936e-05
0.1905455042927334,0.2531635867704738
0.992593222742444,0.999999968305052
0.7025697585768931,0.0080248877338308
0.4157561937878212,0.9997681824467132
0.2221712874336998,0.0820960483555309
0.5836017647155474,0.9998810464721342
0.7048376748431633,0.9996131290815756
0.5593518611946005,0.9999999439494184
0.9675569865022394,0.9710001820988996
0.5768741874438854,0.0224739200827941
0.78475122394905,0.0747161732220729
0.6785544344334737,0.056103546410854
0.7856742709535941,0.9999961863434524
0.4569754203100103,0.9744127645862506
0.1491552088652366,0.9984706265026884
0.8266412881639947,0.8350258796731198
0.5470071131347316,0.4830283159082551
0.6918491487932117,0.9981552348530192
0.8688052499004328,0.998820053672048
0.8819817799168769,0.3123318881330797
0.293134909029759,0.9981859551638246
0.475571265297656,0.0098637315736616
0.8010767671004684,0.0009011642431942
0.5607046558114708,0.1415517862530677
0.5463617188151881,0.2378748017702188
0.328775612804606,0.9914044834907644
0.522541783366855,0.9977247970252794
0.6979707023620839,0.0193972323028992
0.866628072459287,6.072357692131019e-05
0.9218614807556486,0.8274076514414436
0.7348267747317803,1.0
0.5010965640589191,0.9999999999979794
0.8319582438563449,0.0003370957490772
0.9406510470470076,0.9992069121144688
0.7681497497287465,0.9994962204376528
0.8307623689194362,0.9999691357863352
0.9556189059332026,0.9973423197090976
0.876818252427268,0.9999907748619808
0.6918163655932739,0.9999950009018448
0.7194796757053691,0.999873162751875
0.5773421407048573,0.9455256245272784
0.8548511529295464,0.9999214215635258
0.9047747948407155,0.9847254457687172
0.8285684699864336,0.9995857055857476
0.8177095370659784,0.9999944428473228
0.8698200676750042,0.9999984253421252
0.6736724169068236,0.7186241377921817
0.5923407833765506,0.0354639736745169
0.6861560641635458,0.1434380437827649
0.3589984861701062,0.0018791214564088
0.1020027187110778,0.4794179270655849
0.4848180443382395,0.527326736464258
0.6002908338142247,0.9946096236979528
0.2868108159078412,2.596334899877802e-06
0.6849571688686935,1.0
0.9943872081317914,1.8227494936192065e-13
0.3836104665515098,0.6924327628284418
0.7942580237144257,0.9998409616174988
0.8531437694172972,0.997103836196702
0.9060397936829648,0.9999321941250878
0.9610326789288164,0.9999999999834775
0.9731624561482276,0.9999847836820792
0.7900549469361782,0.9949889001217106
0.4888520752882512,0.9944097240525266
0.688219037744176,0.588456231686267
0.9298475091572684,0.9325373915941684
0.8715870142568697,0.9994118384962148
0.7813040357538881,0.999855459118722
0.858843423904055,0.9926672656682114
0.9115644664867412,0.990967730127043
0.4821186222052182,0.019338274248332
0.2221597415192238,0.0327951339550385
0.5525896626413787,0.0203430125673488
0.98677826771572,0.0199009761687793
0.5728469134478495,0.3094243486301993
0.7138678757437227,0.4421933335325645
0.2822614845733362,0.0001047103598529
0.1820855033715418,6.453036023459162e-05
0.1214753746454703,0.9999999997113684
0.6954292552475627,0.99969888948625
0.9130239361343075,0.9982515380060548
0.762673954020294,0.9758225060900966
0.4913769320539081,0.8810071379401662
0.3793316689321532,0.0050473419513782
0.9611807930589726,0.975035648073101
0.6976806681872649,0.9829941431016774
0.6372233976183639,0.5973744842441943
0.7852167711380057,0.0214078730435046
0.8930168114471339,0.999998008303076
0.4190948257327992,0.860279760266647
0.8114274364371475,0.9998555000928796
0.8590968302510361,0.9966700323920618
0.8106370493479385,0.8028525984192465
0.8850079469741776,0.9984558045032024
0.963646946347865,0.9781458143879868
0.6431579060832964,0.0026704353567155
0.9693751138177704,0.9997530730429685
0.996063923767804,0.2199722794845394
0.5870533811627328,0.0475284310995988
0.616077381802948,0.9203701494981328
0.5853488855528404,0.7116886145780459
0.1289233561257768,0.0005660904855999
0.060800381458748,0.966324237510139
0.6488044548873971,0.9976660848102432
0.9410338472095748,0.0016313115845197
0.051572785196028,0.0
0.0028278209778329,7.055454913481723e-109
0.7720651813538899,0.9442448188135446
0.0979398846476971,0.0087494772931589
0.8852415042999777,0.9073647029007952
0.9374791009074296,0.9458338294942288
0.5463501972570243,0.9480210478879422
0.6620216494248399,0.9998232558282312
0.168837932933296,0.9881604958359238
