Fractal,LogPower
0.8456898286140305,7.105427357601002e-15
0.4017293260933774,0.0075882583557276
0.0060664558169776,0.0002160679215792
0.302946757962471,0.9999999997646264
0.0215456571707429,0.999999999670336
0.5730973213359509,0.9999999984091535
0.6326904676620707,0.1881649758798742
0.9259321281150962,0.7386026196794189
0.8218681536596221,0.088435215336154
0.7031527964677552,0.8474824232186313
0.7632677836493293,0.9999660373856448
0.9919416610489644,1.0
0.9428949980340332,0.99970425457341
0.6610632839446473,0.1492215940377478
0.6824183051993209,0.9999999957209073
0.3631291687801913,0.7599380555244292
0.6691859307366952,0.9086037602172324
0.9527192073155868,0.9999999999999628
0.763967586084503,0.9999999999980278
0.4720202255721376,0.4025647850171972
0.3550858180149169,0.0630095160183111
0.2058863893578906,0.7794461179542354
0.3147572241881042,2.1933566074494597e-12
0.6359562277679878,0.9999999990803078
0.0941851810660003,0.6533525001101935
0.4428526403592122,0.9017907101841132
0.3532673615624777,0.0074495718026826
0.2329307124856446,0.9964676066683162
0.4731153704247135,0.9892705633600004
0.813600098434685,0.0033375077276776
0.2240380087318751,0.9999999826828716
0.5448124127671722,0.5769927669769742
0.6964748275215455,0.0015699787433586
0.4477368449331833,0.9999999995797956
0.9030266420889416,0.999999967418964
0.739613278731329,6.322239858898899e-06
0.6122837424294544,2.982248626826056e-06
0.5401394194035509,0.9995644401786687
0.4538443464234097,0.9999999994448692
0.5618649320409576,0.9942061389364848
0.1714616810630425,0.9999725997422938
0.7481555739276542,0.9988257959245582
0.6148724509942367,0.0022065300751492
0.3522145125826148,0.0486209858719229
0.6407351719589579,0.9999999999328816
0.63297691513169,0.9888699399096584
0.8951755017858019,0.999999999995544
0.9737437959411304,0.9999539051101948
0.5293310591282165,0.9999999900807348
0.2291351467274676,0.0012289874093458
0.4090635270437993,0.9999999999990572
0.186861425338423,0.9990462564281766
0.1827461121483489,0.3213839816849366
0.8244415723758277,5.387875623128714e-10
0.9404461635066574,0.999994984260004
0.9854073193254044,0.000191648320497
0.8359439788824533,0.99999999985473
0.4114253231923122,0.3680550677424342
0.0007871281651768,0.1177613394082141
0.1043951486711505,1.0
0.4500038835617153,0.9999999734218346
0.8555538065087578,0.9999665554860312
0.4648534231410282,0.999777802290248
0.8366173288671652,0.9999999990751844
0.8093272515867972,0.9999938507294436
0.3282048331800035,3.7780787792897912e-06
0.878834490120779,0.0166748916717859
0.3159630186800188,0.9993711958739796
0.8017591502558784,0.999791942875198
0.7501760099531346,2.825627318029484e-07
0.7353043371110684,0.0276995391246429
0.5622131318293024,0.9999999978424126
0.5801492441180283,0.9999996233821136
0.7676257186375836,0.9998176688341978
0.1786553993418034,1.6363180468555255e-10
0.8519877875712819,0.9892173416110348
0.2733084254496778,0.9995645105279296
0.3172347846279232,0.9999925500256516
0.5807899231586175,0.9995034445446996
0.7505494094238976,0.0057983946393544
0.859888875339284,0.9999998014313124
0.8523723076199092,0.9999999240149684
0.9031914897106756,0.0016618716919313
0.7156349792556995,0.7668785469050239
0.1366027631914411,0.0440826231496591
0.5320423384873402,0.9999871015321726
0.50415140296454,0.9951864319792876
0.6534477565270942,0.9999667059611924
0.7656250188188565,0.9999888874302958
0.5658276663063203,0.0234957318104256
0.6880860522790462,0.8777550923454988
0.3626150348839692,7.835176130255306e-05
0.5196385584623022,2.6069303460385385e-06
0.7816363860161201,0.1873908970223521
0.7443237219273177,0.9999999935961336
0.8931715561672402,0.7991013860209554
0.0322862267576076,0.0001632834154995
0.1221969216982032,0.0011810290454363
0.8165460129295354,0.999998664463298
0.9707604648683522,0.0010263211069603
0.9856137932665888,0.999487966835058
0.4381565504574196,0.9999999999956206
0.9901518570623872,0.999999914525707
0.6300694641008251,0.9999999475087886
0.8412046833881051,0.9902621020255564
0.4768399550934294,0.999999999769532
0.6682654385144424,0.99971514519292
0.9213753631704134,0.9961093380067748
0.2197869896666041,0.4119110329286964
0.7758675013148814,1.0
0.9118563357943928,0.9999942616118116
0.1737075633702514,0.8002493537099852
0.972776200839334,0.0050471610918265
0.7805157178862124,0.999980436845484
0.6332333945588121,0.6769585816220396
0.8550359500149687,0.2792325846978199
0.976077304357396,0.8241605817242359
0.0384571718305069,0.9993362043059832
0.4669809847198852,0.9822171080581809
0.4724579827165664,0.8022580866483019
0.999754142632168,0.999998370855548
0.9836013636665936,0.9999964209712447
0.9218436864803004,0.9999995821452138
0.9764623307935976,0.9999999999808526
0.8549407563521453,0.938801890732804
0.6800546461164565,0.5413611854436541
0.6304088283267983,1.2412093146286998e-05
0.948179653008279,0.0003221365354774
0.8619682188940291,0.9997120662596476
0.8271063354022352,0.9999999999431364
0.982280028226376,0.999997744605327
0.3752564279360516,0.8936712909233238
0.7670905845653788,0.9993756454574484
0.9130126458485056,0.9999739841465336
0.9973508093536751,0.9999826465443667
0.6969957752126839,0.0011307583225169
0.9192303296903244,0.9999991310454458
0.0294772487997203,2.603223516491463e-06
0.99921288555634,6.226501513828531e-06
0.7603421662450698,0.018088593362036
0.8003124174159622,0.9958161384437484
0.9249057963762471,0.9999960059300532
0.641844960653232,0.9999820479883442
0.5830585307117704,0.6156162725301848
0.0636942376151864,0.9999999253714962
0.8608574923716875,0.638459118213749
0.2822117832973425,0.937586317490128
0.7876046303375588,0.0104716163128209
0.8222311199969773,0.549161381846066
0.4942805504169517,1.2297102314165848e-05
0.3349656750051507,0.4499187598214191
0.4332874769450532,0.0976890541690491
0.1396164575191771,0.6849850737560236
0.6046223342422821,0.002003268371404
0.7449828415197789,0.9679642396889904
0.4589915383366737,0.9999871938018686
0.3591140080180506,0.0011499331204172
0.5790616309339824,0.7924981586291078
0.8612168928525679,0.9999999999973342
0.9922059217465696,0.9652153543312482
0.7774886258545588,0.999999999999998
0.6051007992455242,0.9925903486049223
0.730407718463011,0.9999889875895848
0.9978417511972828,0.9987229488900788
0.2757542693976877,0.9999998444266236
0.2479979465900325,5.4106436818674216e-05
0.5480060672540465,0.9999581986643624
0.0539231377158891,1.7298078374139436e-06
0.798768957096721,4.270755304958129e-09
0.7685627093540556,0.9928982217739885
0.6660853870226136,0.9999999998898303
0.6758340570545733,0.999978956777989
0.8938268884731052,0.9994948392710978
0.0590064850713091,0.9430086279832144
0.7556104901327974,0.0600406332797772
0.8953267755614202,0.9999952700100524
0.950545227789029,0.9999988446517984
0.0887731567631751,0.9999909641711682
0.9299634935443408,0.0499834798116582
0.7526612303662178,0.999994986960842
0.4444312621080871,0.9741622516216676
0.8378656395443685,0.001865107514561
0.9508865027510288,0.0004063294682062
0.503668889613229,1.6671927584286189e-06
0.7275558974659619,0.9560139554535896
0.7754853333968905,0.9949158022659592
0.205778191360607,0.9999953102094306
0.3912065120947458,0.0003031245925164
0.4646699939645964,0.999949205992925
0.7070321981439187,0.7483669617753925
0.9478092734695877,0.858620650428093
0.7155325922453567,0.9998628386223688
0.0967373759647858,0.9999999921589938
0.9226422122923404,0.9989532374075204
0.8276026810710185,0.9999997493199247
0.4510884021359089,0.0077802843442112
0.7302584453258159,0.0114020236097659
0.3951818491770331,0.9999994965117496
0.4568154766987862,0.952902552644518
0.1895980270615536,1.5473290359335756e-05
0.8419812093810887,0.9988133317658932
0.2760428483898168,0.9986058301434216
0.0338152661432646,0.0448676275010309
0.8659078396284663,0.9999956213421308
0.4553252801334199,0.9548595453472468
0.8469502815643035,0.934427331435496
0.4200085195821477,0.8652668760737925
0.0942296324700917,0.9998352487172798
0.1570738260993122,0.9928165497551192
0.2208694527366769,0.9982037937236746
0.7435750557082543,0.6244120654071921
0.3093783955844553,1.4843099164347173e-05
0.3780558042127718,0.9999999805905644
0.5235358023813173,0.9936668418980518
0.8146030246765982,0.9793816580572564
0.7750527654530794,0.9997005262639486
0.5882694607814414,7.957849062689704e-05
0.7089007614292318,0.9999999995768424
0.4205061659960504,1.5689610565363488e-10
0.3992402912876724,0.9999616049440544
0.7246419245802919,0.8771292215248748
0.2862965285547801,6.103355158715296e-06
0.4713312567404226,0.999999996128137
0.1521994614455123,0.9999949966674928
0.8229004964430595,0.9986202237698112
0.3903547125099134,0.9961965952305916
0.6530325028133472,0.3648480779745477
0.6131254754338643,0.612145682776475
0.999972438478166,0.999902108509941
0.8478195290660269,4.2728953708603967e-10
0.1198749582420025,0.9996368387212844
0.5040450085043847,0.8194980800849695
0.5337301714604378,0.9718824977004497
0.3334703684810213,0.9999108009637344
0.5424532673181391,0.9998839557052616
0.6575831123771034,0.8427923399031921
0.2792960642085303,0.9997933636984844
0.3794622741292227,0.9994707566597484
0.5533237445891833,0.0002574518976835
0.4082419800175135,0.9999995154443012
0.3629355834413529,0.9999791030166694
0.2481388208185104,0.8519073392718465
0.3532230109805469,0.9999999947475208
0.2773499525218371,0.3019534040733868
0.3085409259492601,0.0009782659275326
0.7797316991648812,0.9998684063899422
0.8259077231431815,0.5265541591401312
0.8371567690499545,0.9999999993846967
0.3856764648472355,0.0034717716127341
0.4699317111115805,5.542938774638628e-09
0.4856117683061082,1.2198234022875454e-07
0.6895888169170146,0.9999998942688996
0.358323932865334,0.9999999999986522
0.8896925324787179,0.999999999995786
0.6381933674952804,0.999999999988143
0.2897443833503698,0.9999999999709832
0.4841165212342611,0.6749301062112735
0.621158335137411,1.105472024006328e-12
0.7441173814116647,0.1013653183035746
0.4348356863860485,0.9770547025116736
0.3484270974045791,0.9999997934211804
0.6885102470354382,0.9999799275739858
0.5992143809244602,0.9999999974992636
0.7066295915405135,0.9999989620608116
0.8997863758778865,0.9999932099784604
0.5359469292943422,0.9999999999951052
0.5100716389984489,0.999983222443778
0.4107342059653378,0.3241777081914438
0.3223563865581745,0.9988314313869648
0.6895393619083792,0.0113550021314214
0.4623562197804307,0.9999991462204892
0.6151743221481836,0.4033643067141408
0.6238415256784794,0.9999989273626174
0.4211639442404588,0.9999983701773564
0.6450901315686843,0.9999986207171436
0.5637506286252408,0.995971116979004
0.4569026081692394,0.9442129156808254
0.521098911874448,0.0039721702778159
0.5394583560676054,0.9999840862735117
0.3905889499344578,0.0011882913389012
0.3429880198660208,0.9953150295727528
0.6493825810740473,0.9995794855651264
0.7202503674439344,0.3718108439986624
0.4280448918225022,0.0029050889158369
0.5547089097614688,0.9507975184894142
0.7248759527504315,0.814112023040131
0.3994336804996338,0.9459888813513344
0.4741879723327222,0.323356432268115
0.8474371340305721,0.9999999999984506
0.1843167141341951,0.0006730209866767
0.998149341158606,0.9997025460358973
0.1670332344589247,0.9961709793544454
0.0290772099939961,0.999999634745602
0.991384645523248,0.4594592792039286
0.0162766647203244,0.9999998057301048
0.9855613507958808,0.002859727230009
0.8875447097257709,0.8744716158770638
0.7932271767634129,3.083298606754159e-05
0.5608344413855183,2.318634173548162e-11
0.28191115446326,1.2811181904574531e-05
0.6198359882186191,0.9999999944515244
0.2581923026738627,0.9999999954347604
0.4035134861325629,0.9999979235056612
0.0063668455586366,0.9999935832052556
0.134976604084363,0.0020897098639024
0.6895045728132809,0.9999999262190952
0.8912310112309789,0.9730777748956808
0.0632861408437637,0.0010909102578137
0.082305078819561,0.7128968109983387
0.7261473616953765,2.315144909044013e-07
0.5617100369498996,0.8460172851198754
0.5652377996174319,0.0001444790145617
0.8285689603690292,0.8541568937729473
0.6110710865388168,0.9999993694182484
0.7147140380645065,0.9981295995913748
0.2048768509472127,1.4547583123580845e-05
0.9171533473074786,0.9998038513277496
0.4266661076796855,0.2167862261446621
0.8424741574883532,0.8143412712617055
0.5496002850755702,0.999615645410878
0.9684331329178936,0.9999998974323038
0.0646823133698102,0.7725239097956268
0.0030218752960655,0.001705417014335
0.6293394988849517,0.6828249920707008
0.3484701387443436,0.0058376880395876
0.8549773719516374,0.4177314623134103
0.689693373038963,0.7245807315755488
0.5749635286361202,0.9999969776031284
0.5973245255018524,0.0451248282338279
0.7556889455498548,0.0050478514425297
0.8908589879599892,2.313249131895647e-05
0.7316612857840048,0.9999989285156258
0.5692129904255508,0.9999511986089452
0.3175209068845538,0.0008962483242792
0.4903758523052999,0.9994157392602442
0.1166753438175158,0.9998126202931726
0.883020806618308,0.9999989495137088
0.5120723059557964,0.0197439937814279
0.0822655398326513,0.5804319478657987
0.8114195853391455,0.9994382996131572
0.1404302285360212,0.0344570621440798
0.3149710731561307,0.9997647302994698
0.8267810077226204,0.9991039059550576
0.0704204415795681,0.3628974043062032
0.5050653808399203,0.9996002773360604
0.5999436438985719,0.9882032403839958
0.8452768369894968,0.9999988748959396
0.8503123813112774,0.2752856845680588
0.9769492077739962,0.0217456699145425
0.9023120544886164,0.9995715798051804
0.9451809923207162,0.962132339969086
0.924479886245844,0.4849398273712721
0.8190586484678979,0.9999996046614784
0.9096164213644956,0.9890031698923352
0.3552960143408988,0.5403754408749863
0.7912643107258781,0.980599280502584
0.7286093392629339,0.9981742959731073
0.6196201829907456,0.605638952854275
0.8058573143281501,0.0049457575106698
0.5979502195154185,2.194605010508166e-05
0.9607765306054952,0.9927879061632636
0.7205546703159778,1.169156852850164e-05
0.8584337157509585,0.5058600095209355
0.8308088995985917,0.0424311122467474
0.0689539962707094,0.9999342985498866
0.1534412224276802,0.999999972464132
0.1210603941357997,0.5483765801711685
0.7456156115181215,0.9999289881042
0.7333436229353658,0.999994832980316
0.8286815993781996,5.471677955160015e-05
0.9484389027110822,0.9998018580025168
0.8892752005785169,0.999999999998404
0.9545172585337568,0.9999975678299416
0.6900955609902841,0.9683661683679768
0.922694173194672,0.5963093307094611
0.1979028049509757,0.9376233975803784
0.2403753916243158,0.9978622084619356
0.8567266346317348,0.9997987839344512
0.4006124684071273,0.9999332376779904
0.8286045231758056,0.0088474829887076
0.1475587882392469,0.9998825596860436
0.8572330720948109,6.656057728093856e-06
0.6772564712593858,0.9999997757493496
0.9414154304197832,0.0001741969705343
0.1457437969507822,0.6238581119695887
0.1472941364824356,0.999866787899812
0.977048990547088,0.995867161347891
0.8297793226067718,0.9999999999993836
0.5137511410445227,0.9999964160738262
0.8321554842022411,0.9999840866647068
0.9174866698174768,0.9999994257429689
0.6618080965014067,0.9999892878035496
0.3025737988726068,0.0228937450481344
0.4232224784412608,0.9982755671231976
0.4522722910944177,0.9999998449793328
0.6942871862781402,0.9957900159863936
0.6452309807690717,0.9999959725543582
0.404505465200187,0.9991466724843432
0.9724564856210396,0.7318325187912181
0.5377050903264158,0.2170526790594287
0.6479360851962702,0.9999992568919612
0.4974482295592775,0.9999734348605064
0.869667346942498,0.9389003833392384
0.8699512101172941,0.9603115116423452
0.9682764679389304,0.9999999999641326
0.7851067946429153,0.7994823160425987
0.9964928866227032,0.7264976067405476
0.6163073241971753,0.0004203890060546
0.1662575741283685,0.9211299893843068
0.3263436409138247,0.0192913711049086
0.9282789433108336,0.9997762700890132
0.982970927154984,0.9997916058604416
0.9458183807364882,0.1954884246559233
0.1273199879817881,4.012356639770953e-05
0.6914325624643428,0.0217051262250217
0.8122350356571003,0.9999999284547988
0.6071146268370962,0.0002609863705496
0.7796362226633388,0.9313832086629352
0.908343316846652,0.0001939094170198
0.1769292643264881,0.9687641169856412
0.1902034246091338,0.9818626187673084
0.6461641674480914,0.999993636421761
0.8200035246281642,0.001126959549087
0.345654721719698,0.9999452136015922
0.9643153419746434,0.9999960107224156
0.4139983086590341,0.999745686984952
0.9730942815501356,0.9912693767363896
0.9756896175633452,0.9999724713986144
0.8758780757312872,0.9999999425355536
0.4275014642760188,0.99999999185331
0.2816121185800423,0.0109638236668739
0.99638526415203,0.000102271786041
0.9167595904984366,0.999999962554298
0.9685538884007164,0.9999953484479815
0.6413547758492606,0.56509960875963
0.6452300437165124,0.0684264962122592
0.4002565504387432,0.9877778134267976
0.6738862315453641,0.9993868443001084
0.7640104382340249,0.9998982170571444
0.8526239439330356,0.981752445549261
0.504857552933634,0.0049008909090034
0.6322349862459156,0.999996467180938
0.8227124950030709,0.9944593189696532
0.4680994313816451,0.999999988002758
0.1688223810800322,0.9706873948195912
0.0318410524221471,7.247180633385142e-11
0.9856772247190704,0.99999998210595
0.5562065721935633,0.8137744904948457
0.9935683882802478,0.9999999999999984
0.3511151606166512,3.6945991033467332e-09
0.1444815994277829,0.4104549960383808
0.0822990743594122,0.99959762990192
0.3596426108639615,0.1821993824977189
0.4036462738967147,0.9663560829018754
0.1443989237725022,0.9856613952328211
0.927801394163934,0.9941191203840376
0.6984022054641572,5.125830548013965e-06
0.2721962423106507,0.0847686656062736
0.8182634775672297,0.9999971170275356
0.8990677746037133,0.9999733238929682
0.6864498325201497,0.9265592212151968
0.6083897360721804,0.519746084125367
0.2446732591552251,0.9993778379933594
0.5660129176178597,0.9999792604456926
0.3163923859423526,0.0711556901788111
0.2441826416977244,0.9999989009409314
0.5223838797452535,0.9999999999472416
0.2005882154535382,0.0007585765386374
0.7616109238489849,5.492205579216147e-09
0.6142331184006767,0.9044220123695818
0.783568986585174,0.99999985196337
0.6457713720392202,0.99999902385907
0.6493045171397713,0.0780553609078377
0.6091807676148351,0.9999798079675358
0.9350392625569324,0.99999999179051
0.8828457268564871,0.999999999999978
0.7678705781016482,0.996972991329098
0.0567611568999627,0.9871418603415468
0.1573073361384292,0.6744640073240934
0.8693786658646114,0.994699584181572
0.1489193673008844,0.2578431656575017
0.2003042645188132,0.7276228633334809
0.3889765179471302,0.999933313221665
0.3872999877024577,8.848992666399269e-07
0.1607161840055587,0.4005456783347736
0.36399435123689,0.9999999998743476
0.4567420084702281,0.9999999099120348
0.3494789590757173,0.9999999980173332
0.2867615789668368,0.9993835548342428
0.3419185297440549,0.9889479419933456
0.779700667272032,0.9999999478991016
0.6907836266787013,0.9994160508640554
0.1900455267763424,0.1386077488070805
0.2059995885939299,0.9926947354207298
0.0505214910955353,0.9999999827964012
0.9083240626475644,0.9046894988690012
0.067239770519266,0.94670711386409
0.6922695475537534,0.9999991928625432
0.576788556062046,0.9728917236874643
0.4673723460494506,0.0114140785462037
0.825807960194983,0.9999999999202412
0.8629854114630157,0.9999274343983928
0.5710600478046142,0.9999993681880252
0.4459457081012885,0.9893707646109638
0.5074451393519788,0.0543005892720569
0.7375870331797596,0.9999962371499082
0.6039384168665292,0.9999999989029428
0.0001866401360113,7.410855688414812e-05
0.9228126125673728,0.001508183134613
0.4671177401198569,0.0057683118486726
0.3049199242541034,0.9974028550880324
0.5824715726594114,0.9999874358667084
0.8086929091639261,0.9745207736878576
0.2361338867106427,0.5657985381414072
0.3577589282955883,0.9823534614868386
0.4368083460565456,0.9999994118494044
0.1552108708420977,0.9972104357248606
0.3604773591914677,0.9960135870071825
0.2363998073614126,0.9999902432312588
0.6644914139378258,0.7569370608443523
0.6170423932641951,0.9999689339751104
0.7624660205276576,0.9999999910623836
0.4401670784965406,0.0097272669502366
0.0757191957422249,0.9982025044431828
0.3817369211725973,0.0004814920720737
0.0922360504204972,0.4775154286733685
0.189334225499376,0.0127816580041992
0.3294893306232561,2.629345963178764e-08
0.4572599868588426,0.9952040806325282
0.4434038344264301,0.9997246067943576
0.7474722290344845,0.0205299507146981
0.3406054829532738,0.0322324927681548
0.3619544904485918,6.537973533302536e-05
0.6454002310008636,0.999999999998741
0.4363486505008667,0.9999999999971076
0.2854325556761607,0.9996427844258374
0.6799514103317248,0.999999986327744
0.4736889003601254,0.9700881132308548
0.4588394763508521,0.0143281901716139
0.916922334730466,0.9999999981093892
0.6640262538035647,0.0967159076774539
0.599707968190665,0.1628211462771369
0.1628976939412323,0.8589592761605708
0.0998814394131727,5.162492655585993e-11
0.2723355388011765,0.9981950113053776
0.4417523936190174,0.9999999743953992
0.9045550643300834,0.9999984080116326
0.3359167436434842,0.9999974365635188
0.1946445796850034,0.999998321860612
0.3468888256276374,0.9999249437434544
0.001809715490492,0.0
0.3717282537827691,0.1785808460822681
0.2044597582357215,0.9774213483982566
0.8391349694740988,0.5891549543944821
0.4613265606278016,0.999999789378821
0.5639686132789996,0.0116853372193715
0.7513972232085712,0.9999999886789844
0.5574196715237857,0.999999590963993
0.3657077309246149,0.9999920790840452
0.6938349859251843,0.9999999933282596
0.1283874777957787,0.999992416503802
0.4190050470747434,0.996720291761163
0.3716990018629984,0.9963351341274796
0.4579325683986575,0.999990921567472
0.7460568520727888,0.9852791872220804
0.1883425286928528,0.8545979728827902
0.1876166364862639,0.9988024295287764
0.7527602135296275,0.9626973554811032
0.731939256333405,0.9999962712891992
0.2831489039803629,0.9999999790966052
0.2397926541745971,2.0440429829063e-17
0.6825968047780346,0.9999999999987742
0.5188399289408211,0.9995393663810556
0.1040406544510719,0.6263268667432776
0.411631921241226,0.0649418050623943
0.3501087420827796,0.9266881221728978
0.482589173541787,0.1139783690830956
0.7625006502984603,0.9667453227051124
0.8977071186341035,0.9999999999999936
0.2469427518167456,0.0036836875374847
0.5421032019345893,0.9999923214483242
0.6951819863696505,0.9999999987057568
0.910044965081254,0.9999999999999998
0.5990572930783412,0.999997595456734
0.6091069427293067,0.9999985465252108
0.433334190533833,0.0220032946354509
0.1653726235414544,7.460294559786941e-08
0.8069556753214088,0.9994798099483256
0.6069088984519808,0.9907604645100416
0.3895107405429482,0.9993385055494876
0.1588939628136688,0.9933148412863289
0.7997244877007947,0.0031519504821343
0.8965847996221492,0.1263338034739199
0.9505781694525774,0.9999476706922392
0.2601414977453486,9.136388850647424e-07
0.2821729557191107,0.9972841248408508
0.770756272673799,0.9998713920475168
0.5982918746343796,9.606076123436225e-08
0.997144271841285,0.4908857819646633
0.8346846701176865,0.99979149392089
0.6141588853275242,0.9657806562503354
0.5180004395989359,9.23246354922469e-07
0.8120839716092907,0.9989896072818282
0.97713046514404,0.9999999931380052
0.8160485803141436,1.541191982535036e-05
0.4317724314674731,0.9997640885354364
0.7978393983804226,0.9999999999982396
0.7408445543781024,0.0002904402455159
0.6071564624415136,0.999987875776738
0.2680659311926268,0.0001226816549932
0.2085363022416772,1.3947516882462768e-06
0.5394283783757534,4.8224161388404785e-08
0.1722965209318174,0.0867830302009494
0.0714114806504847,0.0003513475066367
0.935050774179538,0.009949459266595
0.6720628210487604,0.9999999109602848
0.749311518471489,0.9999931222553242
0.939410978700406,0.9999999961339668
0.6517815061650172,0.9981390316184956
0.956151124225077,0.0047000467614235
0.9672802673225976,0.9284708353525558
0.0760782305666039,1.2384565019063487e-06
0.5356527380038858,0.9169736366605996
0.5734843818837427,0.9999959532314482
0.4856636416164209,0.6661569103506448
0.3301556556812253,0.0029915114976584
0.8911618330157346,0.9999999999999988
0.969686165123204,0.0008533466720966
0.5823906897179142,0.9999989358955736
0.9887594315340988,0.999999999948514
0.6811842816656019,0.1836233722878429
0.8184398719619768,0.9334164412867462
0.5709472988214106,0.6587444621778433
0.3525613765882364,0.9999999999729984
0.8980843661940092,0.9999999999986708
0.9242311562604892,1.0
0.2935468096942827,5.133779262365278e-10
0.2161188919329987,0.0001638087789848
0.8242800004585853,0.999999977361219
0.2954069980297565,0.9999999999824044
0.9498351695453956,0.99999999999796
0.2344847477231639,0.1965974873385482
0.7713643870444921,0.9999970982230446
0.7084963648907865,0.9962539780203676
0.3590491696421812,0.9497753472470856
0.9496800921412896,0.9999953054786306
0.9938159912207096,0.3773391203476596
0.7690969088672928,0.9999861472786428
0.1048891297906094,0.956332036846678
0.7072812975535643,0.0020026216148179
0.5733237628863942,1.360528057436916e-06
0.758689940606482,0.9995252329103376
0.7554571419086878,0.9999998949320732
0.831851620596481,0.9992725802413917
0.789321217170258,0.9996472062399236
0.5392035966308422,0.2667140659749564
0.9651555683067802,0.9999995469223976
0.7998619745460671,0.9999998370721008
0.8858874322566103,0.9939658195029434
0.1510515390285344,0.4395458558093925
0.0001089083464696,0.838652544114508
0.9706295319807609,0.999999793823288
0.9609817423694652,0.8545312167511516
0.5629995466023326,0.0586296662417001
0.0195767573024259,0.9999999993024772
0.9467559855412854,0.9997873446787005
0.0940526957925215,0.0137847619002462
0.1198411445117662,0.0011641362635681
0.7947008268284824,0.9999999999674708
0.9997726883664796,0.9999999998596344
0.0180705256971035,0.0079879355247802
0.1508262708705929,0.610690426802426
0.9853078928426442,0.9636297414451704
0.8696122286353943,0.999999862798014
0.2438995709592215,4.318920724932784e-05
0.153576121307244,0.9999986403680036
0.6064604010861578,0.9999999999999754
0.8647088315630695,0.999999999932118
0.8298299677280093,1.0
0.9082980615093146,0.0886630149495363
0.6556106120826111,0.0026372192754712
0.3081824021062254,0.9999999998225064
0.8782134609784269,0.9999999999999823
0.1982539732153709,0.2473743813161763
0.1350591255671864,0.9608243806853344
0.9057906252329224,0.2784695112112291
0.9966212863164188,0.9754727918518724
0.3352606305572845,0.8688224785780377
0.845173363305589,1.7778301863751373e-05
0.9942726553555462,0.9970975690741448
0.2327544081536728,0.9978236861893462
0.9486481904605024,0.9999999960939848
0.0749915013353296,0.9999924051000784
0.9486337360515008,0.9995162957425772
0.951553028235472,0.9997305228359796
0.2410702881228762,0.999999999940035
0.6855923183031709,0.998366601530201
0.7163647914601804,0.1722375844359493
0.8845307680364612,0.9991411027987108
0.7237943771483054,0.9999999999999988
0.7768591008042062,0.1128317067018369
0.984557511962552,0.9996926779855856
0.9743631527383776,0.0054111676397783
0.2625062745064052,0.9999998424342254
0.9525740474638108,0.9999997737454048
0.590753909799844,0.0006419271071642
0.7931359067026598,2.081387188490602e-06
0.9978884650862596,0.9999899955990762
0.2093461510578108,1.0
0.7447774806260383,0.999999996409787
0.9789103403051338,0.2057669952572515
0.8058195376494294,0.9999998739817972
0.7312193553852011,0.999717247062368
0.999376430631951,0.9999923836566462
0.9715582653388392,0.9999999999999868
0.4432625492377509,0.999999997918301
0.89656315948195,0.999158646761166
0.999648335086618,3.6022286300507744e-06
0.1107358700065465,0.9999904492500976
0.9546906843855264,0.3792230696710055
0.5986546762325724,0.9729744129397366
0.9797822347229102,0.9745252035943974
0.649398617370963,0.4726049411364118
0.8785878671047653,0.9999813805720258
0.3753809014903643,0.9999999999999882
0.4655247655274887,0.0030313425215792
0.5053468079364594,0.681710365575401
0.5653765180612869,0.999594452898084
0.2141917393452666,0.9999999873986728
0.8607714860880838,0.9999971878186398
0.5465408333961083,0.987307404330556
0.5940670534947489,3.33511393535435e-06
0.7988333501852979,0.9976643501322212
0.8767329929704696,0.6525183362607239
0.8409057928937801,0.0004075578456738
0.7116213176598585,0.0024407303330993
0.947898761820288,0.9999999999707472
0.9726644472884476,0.9999999998840764
0.857260559248755,0.9088094441577672
0.9378708064402108,0.999942610161564
0.6471565560958347,0.9998900243394048
0.7287102100156747,0.9999999999998284
0.3542445970915737,0.967915790439286
0.8358616465957174,0.999998985080182
0.9011527744759408,0.9036672763662532
0.7973053377157364,0.9999884821535908
0.6199199812165872,0.9999999560324064
0.6524828323613997,0.9999987799969978
0.8984975873755326,0.99994766370848
0.3914793128198563,0.682781040767386
0.7802562513214201,0.6920406197391279
0.5470401010915417,0.8192276253405579
0.619024218328354,0.9999970926579426
0.8096231274621173,0.999787943722435
0.6004636306822815,0.999998521902963
0.2659355757248116,0.0004516539125815
0.4327559153416465,0.9999999885528646
0.7569327329855261,0.9967972048294744
0.961264302209202,0.9912763543388208
0.8232597558836267,0.9999999118003398
0.719581798915094,2.324432561682797e-05
0.9327286168984016,0.9022089732933648
0.9838852029671504,3.272638165881844e-07
0.8288593990178903,0.5195513308687614
0.6044886889581582,0.0023841820085283
0.2480601436532477,0.8481221679890181
0.7597336444981945,1.0
0.8577113095165162,0.9999999999928858
0.9709457548316948,0.9999999999995436
0.9295099058443764,1.0
0.4688070785430818,0.9977215536706684
0.8106253533097998,0.999712172620546
0.414661831036303,0.8569666787289298
0.0334930921345711,4.606937898815512e-06
0.7154222215718957,0.9997172328991146
0.9897929222755172,0.999996334537236
0.888948032423013,0.9999986739304568
0.8672102554994312,0.9984428585541416
0.3120748817953578,1.378770388427153e-05
0.1167858910292357,0.9999960126772388
0.5111449881177849,0.0458441974981416
0.983547452265974,0.0135267777237994
0.0144985105538509,0.9864820530861846
0.8605815679078728,0.9958825540260804
0.9971224809382636,0.3241800112048659
0.4673115723608638,0.9999984368202148
0.6309889126050576,0.9999999999996988
0.7171755005824448,0.9299314141808658
0.9162500023345688,0.9999962686280094
0.041941963210837,0.1100203774438432
0.7178622591696424,0.7614701983384415
0.8805490119854209,0.9999290715670336
0.7232306234537098,0.9997777884890184
0.9705642835672544,0.9999955961495144
0.4060229622637875,0.0001567909005624
0.5765424786517583,0.0846313746789797
0.9001980827931269,0.9934550513458648
0.6526679384556835,0.0611294323336194
0.5073004991581688,0.0839428375050056
0.8221976644695989,5.148914293385034e-05
0.726377374698389,0.8436993009982939
0.6382695357627761,0.0329210101903023
0.6590162420252713,0.9999304086716688
0.9326652983365438,0.9997638645111584
0.0322706479149648,1.1473066154232823e-05
0.0455872789212169,1.0969003483296549e-13
0.9447273611239062,0.6773820456562172
0.291233454660452,0.9588173854604952
0.8658907567071077,0.9999554939961062
0.6475725576065424,0.999987410700027
0.8780329189613004,0.9999999960731922
0.6962732286624161,0.9984096749670892
0.3355715642175294,0.9865685697229144
0.970061193056758,0.998960485373551
0.9172424562752068,0.0003462856977101
0.6971786353288363,0.9996609525125152
0.4559205064838432,0.9999999370135852
0.0593939804735751,0.9999534250931836
0.9679439633848722,0.999999999218818
0.9994984087372178,0.9999999897236884
0.6219726662540908,0.9999999315013456
0.2539234285610496,0.999951765549771
0.8145445855099835,0.7439264837463736
0.4097427324979786,0.9981839954402096
0.6370162665881722,0.0138069120915272
0.8251751833163153,2.569321382830867e-06
0.6581244410082006,0.0969850523476517
0.4564553068269156,0.9963062215676982
1.0,0.9999995704924548
0.9668634399783568,1.3344139343255274e-08
0.7248856151365208,0.9999998358454516
0.7395458372169221,5.634241077492512e-06
0.1484475571725019,0.996685206007958
0.2133634498602974,0.9852220110863452
0.7391170987411363,0.995817688339458
0.7975423668417183,0.2134918470544973
0.6669309075039277,0.0166873869943651
0.6588783025513822,3.5302770298371484e-05
0.8344041359787941,0.9606958576382272
0.9778370165791096,0.999977312465625
0.7188334528424032,0.9999993113423706
0.9711928848137004,0.999926150072712
0.9849146639644308,2.9202958787822e-06
0.793544413889635,4.616328536908703e-06
0.0875018691054437,0.0001831564074711
0.0166699860383977,0.9999999976110694
0.4461137494307871,0.9999921474619836
0.4682880222197301,9.169316417256823e-10
0.8432197139194589,0.9999994870736526
0.9508809180275264,0.9997319817660724
0.0372790290930075,0.9999999993111818
0.1836403035676631,0.6475947033237506
0.5078612454535746,1.113052595091979e-06
0.527228187125359,0.9999169628643508
0.854120494461785,0.9999999803255863
0.8323562822800323,1.4052236263495388e-07
0.7146658416697476,0.9993625057305348
0.5753976462449719,0.848644101450727
0.4634303207441014,0.9999995852157038
0.4832389438697649,0.1730131429823035
0.433396571913514,0.0004460100484291
0.0747205731556704,0.999991545465848
0.9639952129864492,0.0165566275246257
0.2230339202250691,0.1254568623497203
0.0093197445933475,0.9999999986407156
0.3673096818480775,0.9958732837575855
1.0,1.0811703017095212e-06
0.0,1.0
1.0,0.9999999999999576
1.0,0.9996690328594592
0.3364187416644367,1.0
1.0,0.9999999994343968
1.0,0.998782943610148
1.0,0.9999999995158252
0.0,0.5791761987303972
0.0,8.444987322830944e-05
0.0,0.9999999999875032
1.0,0.0228191395838834
0.0,0.6822413003666753
0.9999999999998715,3.741927045997073e-08
1.0,0.996756879879986
1.0,0.9999999999988488
1.0,0.9999999972258692
1.0,0.1301509954672811
0.9999999999793828,0.9999999012567844
0.0,0.1454761034507077
0.0,0.999999999999842
1.0,0.9999999922906264
1.0,0.9999999936038834
1.0,0.9999999998951374
0.0,0.9999999986578472
2.779475647085583e-06,0.99920708463541
1.0,0.9999676266337076
0.9999999998952552,0.9999833188172074
0.0,0.0
1.0,0.999999982447742
0.9999999995349736,0.9999999924773963
0.0002861278105374,0.9999997413555862
3.835354009477499e-11,0.9999999479968038
0.9988835627017856,0.8222667543798876
0.9981247961453006,0.2216052308068742
1.0,1.6093823647089778e-06
1.0,8.691600814392242e-05
0.9996529354555184,0.9999990791872836
1.0,0.027491942251989
5.385126122803285e-09,0.0869520366975896
7.592566920090534e-14,0.8581814544664957
0.9999999999999843,0.0020643380466068
1.0,0.9998183227341212
4.792921949045842e-21,5.999077660251203e-05
1.0,0.9999998968245444
1.0,0.9999999954838056
0.3111216018976144,0.9999999993285148
0.9999999997029,2.48729525607758e-07
1.0,0.999932374501656
1.0,0.9999999967325373
3.8982515515288666e-32,0.0001871236690367
0.0,0.9999999999911288
0.0,0.9999999506529608
0.999999999986669,2.1473667151106213e-05
1.0,0.996526639317639
2.917170459492459e-07,0.9941922779627356
1.0,0.999991795051413
0.0,0.9999953144642688
0.0,0.9999996558140616
0.997828893664916,0.6808559480992286
0.0,0.9999997585203652
1.0,0.9996918128961372
6.850173072334877e-24,1.0
0.999999978885501,1.0
1.0,0.9999999999925876
0.9999989808833132,3.3287453161189447e-10
0.9999999999999823,0.9999999999999998
1.0,0.999999999999993
0.999999999124872,0.99999111046635
1.0,0.9999999999995628
1.0,1.0
0.9999789954577686,0.9837487727855946
0.9999999917942664,1.0
1.0,0.999886181071487
0.0001742837634206,0.0006496228559703
0.0023545031936519,1.4407645722622354e-26
0.9999999992426272,0.9999999828063896
0.0,1.3609335880460094e-11
0.4558426706031421,0.9997402020751648
0.1532694470090128,0.988902172838574
0.9056976944855774,0.9983799970223288
0.1058000478902252,0.000373205938645
0.2863398806341145,0.9998011047665324
0.1463570776899111,0.1204017708624181
0.3183926357055447,0.9992811076890512
0.1325118338626585,0.2443731470846257
0.3064959445969623,0.999976958060495
0.3325001221442786,0.2678456721698471
0.2868933120009245,0.5868069769987077
0.5617383424550196,0.9999482343847648
0.4355714982612585,0.9998643719757604
0.8257542083642933,0.2576909820854478
0.5965910084830577,0.7740806092446294
0.006602399958103,0.0397388762855541
0.9866205696744555,0.9999323871350088
0.8544440924766292,0.98805815857061
0.9990886014695872,0.999999999772246
0.7450627209229712,0.4577226603602452
0.7048094614460468,0.2831645008556837
0.6796607312932805,0.0011450656095852
0.6998545202881745,0.2978177611018738
0.7143830136321596,0.9999970760809164
0.6526659101492638,0.7102200267179555
0.7980370507046751,0.9976482195394896
1.3968853316281835e-06,0.994809853523474
0.8650765424544472,0.8923845620529391
0.996456894554884,0.0026837983578075
0.8934299897616932,0.9960224907706732
0.745002937859676,0.0001109953078316
0.9407631666375228,0.99999999981078
0.9546648798438934,0.9807948637591072
0.1757084814631344,4.615178585853919e-06
0.6463116829119874,0.9845820504096088
0.430915489808873,0.3164307564004862
0.1599922537588713,0.991967594479357
0.3927077334237816,0.9981830484738422
0.4371784075330789,0.76814586165483
0.6326174646629358,0.9999999940968372
0.7174835286022238,0.9999994877859236
0.7622228024986375,0.9999999999999998
0.9393442186397912,0.9999996021246548
0.3726097548057303,0.99999999995854
0.1891548467404567,0.9999999999157864
0.9806257680591882,1.6268528013618777e-07
0.718104418805438,0.999453052700636
0.2152346544518809,0.5612010795069926
0.8291397753795654,1.0
0.0989781498579612,2.7851601025474793e-09
0.0264082396660356,0.9979218657983108
0.8657694387945927,0.9998951480514612
0.9116583407083468,0.9999999829080098
0.0007876708740697,1.5003716025447478e-15
0.5065518604299334,0.9999999999903244
0.2600546964133988,0.0350113828913328
0.152704976039633,0.9960328743351836
0.6329800606199455,1.0
0.2697985152115711,0.950075962223122
0.4176274867080217,0.999964262071755
0.4625817969678108,0.000484259291985
0.5309203155120867,0.0018636562721961
0.1835261259512734,1.2782818152199694e-09
0.1139366020445584,0.9999999146250824
0.0205929666915669,1.0
0.7469765432582023,0.999999825626079
0.406134492902919,0.5788736071066245
0.647566873631279,0.945321197380842
0.4251135021629263,0.9751211613969556
0.6301633056302482,0.9986607235540246
0.2474767511502221,0.9999763512677796
0.6519979330969435,0.9989131917344262
0.9309093491000549,0.999975826090838
0.5300975984577632,0.9996614283650228
0.8882399657751052,0.9999999910958642
0.911255541466516,0.9999907330232204
0.8206460569458061,0.9045909724347012
0.4702498697387927,0.9995758919041088
0.6823493897454644,0.9999999754021718
0.6298099857542496,0.9952601585721482
0.9786745448683276,0.0888937218648551
0.951788721509028,0.999999999999982
0.8598573166898039,0.9999998802477428
0.1939984124994855,0.7470730638019144
0.1218661614348147,0.8516456146589244
0.9223877592184244,0.9992635790756822
0.2546216469659271,0.999999996489839
0.8632844200775383,0.9725840216993992
0.8503910089159343,0.9943103629404472
0.7760463793172976,0.9999999996092612
0.9110749557246088,0.9999999991913509
0.2129944282997562,0.1379555368630565
0.6639698771070086,0.0017044748950159
0.524745502007768,0.9999865677024766
0.7223757029201737,0.0003226167541411
0.606589733833151,0.8472369783461071
0.63908160105947,0.070306663514941
0.3016731288283824,0.0017404701506728
0.2360363954309016,7.520971535113219e-06
0.7927860694796292,0.9999994256873544
0.5941604630980891,0.1595804699986926
0.955738426835418,0.8759266887202767
0.6627725059024325,0.9718846432469382
0.8344831759852894,0.9997036529398622
0.4370253504827276,0.9999985241952932
0.6370055048640691,0.4161518421800583
0.3601252496989617,3.21540243208851e-07
0.7666507814176245,0.999999994505353
0.5590549048255864,0.034928260730431
0.1635594520062059,2.943706769799387e-07
0.1176752438537411,0.9990715386941608
0.6550941773988053,0.8379793768342468
0.9458781399087977,0.9999994683538344
0.9877711407961391,0.9999681308695632
0.2004003004336816,7.951417302365371e-13
0.2744771877348306,0.9888200020876968
0.9240163282679102,0.9999999993131437
0.3046935273806053,0.92875056230789
0.255333271823573,8.142693741497453e-09
0.1976656364618449,0.0019140888122393
0.6776836512227837,0.9999999995088366
0.9030988590862252,0.9999999999999992
0.4053473123097374,0.196629278502632
0.7332287223151304,0.0053016816859337
0.7276591801648493,0.0031239403446572
0.2632515325802161,7.109085290026105e-07
0.5409566980713019,0.869349855313016
0.6357891894902127,0.9999956782865064
0.5804786735584346,3.700987634048782e-07
0.7174412901221785,2.0554505100586955e-06
0.379737855723796,0.9999052800437046
0.4752095212163889,1.4780246595418068e-05
0.4131768274201037,0.9999999984639532
0.8575847001478938,0.10167015838374
0.4445035899639603,0.8717089121877374
0.4295732316654818,0.2316809612497916
0.6524404458302524,0.7719208687719858
0.3877644100682478,0.9999207521129432
0.5039652436601708,0.999480135595033
0.5640322083374073,0.4722380310684078
0.6398862626854255,0.9999998472130832
0.2795674252192645,0.9992140140485328
0.2580030822029308,0.9957919786269844
0.393431963175108,0.9965455205008656
0.5942322612955931,0.1105663932087978
0.2496488569174989,0.9999999999725416
0.2250199027103361,6.024547659777557e-05
0.495502533702409,0.006319207943496
0.9318381447248156,0.7706215721038947
0.9871459530602654,0.999912657674884
0.9458556920158576,0.999999999999892
0.6703669785461488,0.9999999979668002
0.8418635669878151,0.5865561701951326
0.4379467304528034,0.9445112315574526
0.348724887708002,0.6934991098524299
0.4489069106624955,0.9914652487481228
0.6002239013655076,1.7007750500175334e-06
0.2038437965080065,0.9999999942095672
0.3058567179550397,0.9960861431810732
0.4075683352807306,0.0030415977134119
0.8213809961809811,0.0686735935261429
0.7251739022177748,0.9982682094884012
0.7147749964503931,0.7781641000082286
0.599753622532076,0.9283919465828409
0.4852329932737571,0.0526563278313892
0.9558682146361124,0.9614125313222172
0.1208059021465055,0.9999547871274032
0.5916842721091191,0.9996430367564793
0.2237971653653807,0.0017499681529475
0.2395926802138819,0.2397251053923808
0.5078088366804482,2.768648459485972e-08
0.8419101638510456,0.9973342283703054
0.1176865741549119,0.9999981122106052
0.8069288233060535,0.0172762635418617
0.7539660151487206,0.9999999999805004
0.5568690102826168,1.978636547239621e-05
0.2620812117773555,0.9305698922911751
0.8204595700528358,0.999322780580594
0.4762912994858849,0.999999999334145
0.0117506978582189,0.9999999995693742
0.6751030491171037,0.0838732928096973
0.0568271417012105,0.9995441277321044
0.4988972312668517,0.999999973680052
0.9894555203132276,0.9999999999958212
0.9793807863206082,0.999999998002218
0.9870577323488724,1.0
0.997820081449018,0.999999999997774
0.9561095415996308,1.0
0.9924497491548356,0.9999999994789744
0.7640292095590316,0.9999999999540624
0.9767835064068549,0.0003596371625959
0.666938828315569,0.0002481346171046
0.8752703462333717,0.9999403686998848
0.5454323974543218,0.0870204137239435
0.2110137489833895,0.0005828410083013
0.6136897160010439,0.9999952819076646
0.6261884307795287,0.0575627543249701
0.7360792546395081,0.13875114544011
0.4134360656454184,0.9999999999969584
0.9424086550765076,0.9999999998911422
0.6940749251265463,0.0093635488432857
0.9753187687225692,0.9999946389324694
0.8594568819367544,0.9989837552788284
0.0017356418593914,0.9833495144012008
0.7247408286322272,0.9988560046554288
0.8769885657558016,0.9999990728827096
0.9677643562854222,0.9999999995493744
0.9999997927739928,1.0
0.241742730087393,0.0
0.9539605254734872,0.999667193068648
0.9207529041514084,1.6636893616699628e-07
0.425344452861055,0.1877492477373383
0.6602910492196394,0.9999999981220498
0.9591568902412312,0.9999997618289096
0.275326068791037,0.9999493199459826
0.7529521161723776,8.226172896597106e-05
0.9518232654508568,1.7915567846701494e-207
0.918733308822161,1.0
0.4160521902226731,2.6402631917633073e-53
0.0093387123222803,0.0
0.9806541257069122,0.0
0.9999916968705764,1.0
0.9707387151338392,1.0
0.8950834189499456,1.0
0.9959898275183974,1.0
0.9586020320537962,1.0
0.0804843246803798,0.0
0.997618706894101,1.0
0.9991121889915118,1.0
0.997753907648498,0.0
0.8868992957994378,0.0
0.3422719581235179,0.0
0.9987772022745354,0.999999963044414
0.9999729479966816,1.0
0.999367924296929,0.9999999999999554
0.669578850717222,1.0
0.9982117438549056,4.142566060284828e-30
0.0284780533616977,1.0
0.8176723195325475,0.0
0.9992707287608196,0.0001341300745841
0.8826223185540091,1.0
0.9999048400938272,1.0
0.9807559597616368,1.0
0.9982995129527944,1.0
0.9284414331600056,1.7861759856396994e-61
0.9633844892395572,1.0
0.1411015538575384,2.220446049250313e-16
0.9971285896557232,1.0
0.9998116070892152,1.0
0.7139140629696367,1.0
0.9970672038210692,0.9999999999306766
0.7122023468284091,0.0
0.626126881035983,0.0
0.932534286127788,0.0
0.9704087346929516,1.0
0.9927559179093136,3.4157686229708558e-28
0.492257425799401,1.0
0.9992474187446077,0.0
0.7368188197833199,2.9244922632333174e-25
0.9892126685582124,1.0
0.3624234138587381,1.0
0.9751935457917268,2.0090072351761366e-40
0.9997139777041192,0.0
0.9996876757497588,0.99999998994355
0.9708097458953412,0.9999893944883276
0.9117009444262788,1.0
1.0,1.0
0.999970442284868,1.0
0.864911646503568,3.1322171960661827e-113
0.9999335280466688,4.440892098500626e-16
0.9978321309472632,0.3037267553282483
0.84976661875657,0.0
0.999994071988616,1.0
0.3314595199578966,0.99998403575239
0.9979618870122516,6.5657846951565775e-49
0.9834449900115516,0.0
0.7910257171503308,1.0
0.8888588085210094,1.0
0.4441599379347265,1.0
0.9579704413262722,1.0
0.1083408173579072,1.0
0.9968524883332596,1.0
0.9999693092708198,1.0
0.0030495850456669,1.7415941710778692e-113
0.9999847889196376,1.0
0.9999999999230388,1.0
0.9999823383356056,1.0
0.9995524850958494,1.0
0.999609428649432,1.0
0.9932660267830395,1.0
0.9999995539947126,1.0
0.9987589358386874,1.0
0.0044314449520392,1.0
0.1265912262153853,1.0
0.9967624684973604,1.0
0.9979476425460712,1.0
